t,n,e0,e1,e2,e3
0,1,-1,-1,-1,-1
1,1.0,-1,-1,-1,-1
2,1.8414709848078965,-1,-0.1585290151921035,-1,-0.1585290151921035
3,1.9092974268256817,-1,-0.1585290151921035,-1,-0.1585290151921035
4,1.1411200080598671,0.14112000805986713,-0.1585290151921035,-1,0.4611495013167567
5,0.2431975046920718,0.14112000805986713,-0.026462039009232857,-0.7568024953079282,0.4611495013167567
6,0.041075725336861546,0.14112000805986713,-0.026462039009232857,-0.7568024953079282,0.4611495013167567
7,0.7205845018010741,-0.8588799919401329,-1.026462039009233,-1.7568024953079282,0.4611495013167567
8,1.656986598718789,-0.8588799919401329,0.27304148150392393,-0.45729897479477133,-0.5388504986832433
9,1.989358246623382,-0.8588799919401329,0.27304148150392393,-0.45729897479477133,-0.3382624865885237
10,1.4121184852417565,1.100804794108164,0.27304148150392393,-0.45729897479477133,0.37157370688673513
11,0.4559788891106302,1.100804794108164,0.5482271042863901,-0.18211335201230516,0.37157370688673513
12,9.793449296524592e-06,1.100804794108164,0.5482271042863901,-0.18211335201230516,0.37157370688673513
13,0.46342708199956506,0.10080479410816401,0.5482271042863901,-0.18211335201230516,-0.6284262931132649
14,1.420167036826641,0.10080479410816401,-0.4517728957136099,-1.1821133520123053,1.4360623653807458
15,1.9906073556948702,0.10080479410816401,-0.4517728957136099,-1.1821133520123053,1.8377336505718713
16,1.6502878401571168,3.6618565846866558,-0.4517728957136099,-1.1821133520123053,1.8377336505718713
17,0.7120966833349347,3.6618565846866558,-0.4517728957136099,-1.1821133520123053,2.1954619998104685
18,0.03860250812044319,3.6618565846866558,-0.42459122826222306,-1.1549316845609185,2.1954619998104685
19,0.24901275322832384,2.6618565846866558,-1.424591228262223,-2.1549316845609185,2.1954619998104685
20,1.1498772096629524,2.6618565846866558,2.1931530228067633,1.4628125665080676,1.1954619998104685
21,1.9129452507276277,2.6618565846866558,2.85676130606715,1.4628125665080676,1.859070283070855
22,1.836655638536056,10.037605877543141,2.85676130606715,1.4628125665080676,1.859070283070855
23,0.9911486907095961,10.037605877543141,2.85676130606715,1.4628125665080676,2.3771973388935934
24,0.15377959582482936,10.037605877543141,2.937150222459993,1.5965482337015278,2.3771973388935934
25,0.09442163799337622,10.037605877543141,2.937150222459993,1.5965482337015278,2.3771973388935934
26,0.867648249902227,9.037605877543141,1.937150222459993,0.5965482337015278,2.3771973388935934
27,1.7625584504796028,9.037605877543141,2.968570732647412,1.6279687438889463,1.3771973388935934
28,1.956375928404503,9.037605877543141,2.968570732647412,1.6279687438889463,1.3771973388935934
29,1.2709057883078692,10.502376639716735,2.968570732647412,1.6279687438889463,2.0982547245150736
30,0.33636611578703246,10.502376639716735,3.1594104268972707,1.8188084381388052,2.0982547245150736
31,0.011968375907138173,10.502376639716735,3.1594104268972707,1.8188084381388052,2.0982547245150736
32,0.595962354676935,9.502376639716735,3.1594104268972707,1.8188084381388052,1.0982547245150736
33,1.5514266812416906,9.502376639716735,2.1594104268972707,0.8188084381388052,2.7014840544661287
34,1.9999118601072672,9.502376639716735,2.1594104268972707,0.8188084381388052,2.9905632512391467
35,1.5290826861200237,12.0681136768303,2.1594104268972707,0.8188084381388052,3.7551382890800693
36,0.571817330503849,12.0681136768303,2.527985582538008,1.1873835937795427,3.7551382890800693
37,0.008221146556884218,12.0681136768303,2.527985582538008,1.1873835937795427,3.7551382890800693
38,0.3564618666430005,11.0681136768303,1.5279855825380082,1.1873835937795427,2.7551382890800693
39,1.2963685787093853,11.0681136768303,4.164752092566159,0.18738359377954272,5.391904799108221
40,1.9637953862840878,11.0681136768303,4.6795954932286215,0.18738359377954272,5.906748199770683
41,1.7451131604793488,15.963765424699012,4.6795954932286215,0.18738359377954272,5.906748199770683
42,0.841377331195291,15.963765424699012,5.108039992625961,0.18738359377954272,6.335192699168022
43,0.08347845208436622,15.963765424699012,5.108039992625961,0.25177766615630004,6.335192699168022
44,0.1682252573714017,14.963765424699012,4.108039992625961,-0.7482223338437,6.335192699168022
45,1.0177019251054136,14.963765424699012,9.157678085071066,4.301415758601406,5.335192699168022
46,1.8509035245341185,14.963765424699012,9.976386961289808,4.301415758601406,6.153901575386766
47,1.901788347648809,14.963765424699012,9.976386961289808,4.301415758601406,6.153901575386766
48,1.123573122745224,21.642745384673983,9.976386961289808,4.301415758601406,6.76094192506033
49,0.23174533867633318,21.642745384673983,10.101593562068564,4.529130114798904,6.76094192506033
50,0.04624734724052815,21.642745384673983,10.101593562068564,4.529130114798904,6.76094192506033
51,0.7376251462960712,20.642745384673983,9.101593562068564,3.529130114798904,6.76094192506033
52,1.6702291758433747,20.642745384673983,10.365926854161849,4.79346340689219,5.76094192506033
53,1.9866275920404854,20.642745384673983,10.365926854161849,4.79346340689219,5.76094192506033
54,1.3959251501818342,22.53520411820736,10.365926854161849,4.79346340689219,5.76094192506033
55,0.4412109511483837,22.53520411820736,10.630088777285719,5.057625330016061,6.025103848184202
56,0.000244826641380147,22.53520411820736,10.630088777285719,5.057625330016061,6.025103848184202
57,0.47844899791308815,21.53520411820736,10.630088777285719,5.057625330016061,6.025103848184202
58,1.436164755247825,21.53520411820736,9.630088777285719,4.057625330016061,5.025103848184202
59,1.9928726480845371,21.53520411820736,9.630088777285719,4.057625330016061,5.412738965118015
60,1.636738007139138,24.956128844308378,9.630088777285719,4.057625330016061,5.412738965118015
61,0.6951893788977833,24.956128844308378,10.114148406487399,4.541684959217741,5.761576799570693
62,0.03388222999160706,24.956128844308378,10.114148406487399,4.541684959217741,5.761576799570693
63,0.2608193033507772,23.956128844308378,9.114148406487399,3.541684959217741,5.761576799570693
64,1.167355700302807,23.956128844308378,12.58987426460314,7.017410817333483,4.761576799570693
65,1.9200260381967906,23.956128844308378,13.234639470014605,7.017410817333483,5.406342004982157
66,1.8268286794901034,30.96032161693147,13.234639470014605,7.017410817333483,5.406342004982157
67,0.9734488459760332,30.96032161693147,13.234639470014605,7.017410817333483,5.913339736580764
68,0.14448002102467772,30.96032161693147,13.309888460471196,7.141177738578824,5.913339736580764
69,0.1020723193107087,30.96032161693147,13.309888460471196,7.141177738578824,5.913339736580764
70,0.8852151862168127,29.96032161693147,12.309888460471196,6.141177738578824,5.913339736580764
71,1.773890681557889,29.96032161693147,13.313797463816531,7.1450867419241595,4.913339736580764
72,1.9510546532543747,29.96032161693147,13.313797463816531,7.1450867419241595,4.913339736580764
73,1.2538233627620363,31.376726782912144,13.313797463816531,7.1450867419241595,5.620160836548935
74,0.3232280431126924,31.376726782912144,13.496011647854537,7.327300925962165,5.620160836548935
75,0.014853739531752619,31.376726782912144,13.496011647854537,7.327300925962165,5.620160836548935
76,0.6122183645905696,30.376726782912144,12.496011647854537,6.327300925962165,5.620160836548935
77,1.5661076368981803,30.376726782912144,14.054098316727234,7.885387594834862,4.620160836548935
78,1.9995201585807312,30.376726782912144,14.054098316727234,7.885387594834862,4.896905877228875
79,1.513978455987535,32.84966543283329,14.054098316727234,7.885387594834862,5.654076766199639
80,0.5558873312924917,32.84966543283329,14.409046672890977,8.240335950998604,5.654076766199639
81,0.00611134607662478,32.84966543283329,14.409046672890977,8.240335950998604,5.654076766199639
82,0.37011200572554614,31.84966543283329,13.409046672890977,8.240335950998604,4.654076766199639
83,1.313228782433085,31.84966543283329,15.957239549959926,7.240335950998604,7.202269643268588
84,1.9683644611001854,31.84966543283329,15.957239549959926,7.240335950998604,7.701143630368762
85,1.7331903200732923,36.53254600212379,15.957239549959926,7.240335950998604,7.701143630368762
86,0.8239243800514129,36.53254600212379,15.957239549959926,7.240335950998604,8.119726873632
87,0.07654155299594023,36.53254600212379,16.01552456017279,7.298620961211469,8.119726873632
88,0.17818216336917747,35.53254600212379,15.01552456017279,6.298620961211469,8.119726873632
89,1.0353983027336606,35.53254600212379,19.82642214473297,11.10951854577165,7.1197268736320005
90,1.8600694058124532,35.53254600212379,20.622899308063733,11.10951854577165,7.916204036962763
91,1.8939966636005579,35.53254600212379,20.622899308063733,11.10951854577165,7.916204036962763
92,1.1059875117511568,41.739606747366004,20.622899308063733,11.10951854577165,8.510798791489181
93,0.22053393038419533,41.739606747366004,20.741461513159447,11.322512839660234,8.510798791489181
94,0.051717858730052746,41.739606747366004,20.741461513159447,11.322512839660234,8.510798791489181
95,0.7547480145323456,40.739606747366004,19.741461513159447,10.322512839660234,8.510798791489181
96,1.6832617147361209,40.739606747366004,20.97169157978519,11.552742906285978,7.510798791489181
97,1.983587745434345,40.739606747366004,20.97169157978519,11.552742906285978,7.510798791489181
98,1.3796077390275217,42.56751183948122,20.97169157978519,11.552742906285978,7.510798791489181
99,0.4266181280095771,42.56751183948122,21.22513887456695,11.80619020106774,7.7642460862709415
100,0.0007931658136463016,42.56751183948122,21.22513887456695,11.80619020106774,7.7642460862709415
101,0.4936343588902412,41.56751183948122,21.22513887456695,11.80619020106774,7.7642460862709415
102,1.4520257871783506,41.56751183948122,20.22513887456695,10.80619020106774,6.7642460862709415
103,1.9948267913584063,41.56751183948122,20.22513887456695,10.80619020106774,7.138069339943904
104,1.622988631442349,44.85534746561359,20.22513887456695,10.80619020106774,7.138069339943904
105,0.678377596837469,44.85534746561359,20.692332778991837,11.273384105492623,7.478137760809416
106,0.02946471646251525,44.85534746561359,20.692332778991837,11.273384105492623,7.478137760809416
107,0.27285749991914743,43.85534746561359,19.692332778991837,10.273384105492623,7.478137760809416
108,1.1847817445606674,43.85534746561359,23.034459144995115,13.615510471495902,6.478137760809416
109,1.9268185054177849,43.85534746561359,23.660765858669432,13.615510471495902,7.104444474483734
110,1.8167426066363168,50.5135577298528,23.660765858669432,13.615510471495902,7.104444474483734
111,0.955757321914929,50.5135577298528,24.156794581264503,13.615510471495902,7.600473197078806
112,0.1354485513893917,50.5135577298528,24.156794581264503,13.729834102840861,7.600473197078806
113,0.11000439563316666,50.5135577298528,24.156794581264503,13.729834102840861,7.600473197078806
114,0.9028180941067909,49.5135577298528,24.156794581264503,12.729834102840861,7.600473197078806
115,1.7849803886813105,49.5135577298528,23.156794581264503,12.729834102840861,6.600473197078806
116,1.9454353340247703,49.5135577298528,23.156794581264503,13.884681626083625,6.600473197078806
117,1.236661393364286,50.883336870785705,23.156794581264503,13.884681626083625,7.293288312138918
118,0.31030205906461095,50.883336870785705,23.330635179756374,14.04418425957525,7.293288312138918
119,0.018047830955916444,50.883336870785705,23.330635179756374,14.04418425957525,7.293288312138918
120,0.6285958985619098,49.883336870785705,22.330635179756374,13.04418425957525,7.293288312138918
121,1.5806111842123143,49.883336870785705,23.8451459931874,14.558695073006275,6.293288312138918
122,1.9988152247235795,49.883336870785705,23.8451459931874,14.558695073006275,6.557872065998457
123,1.498713153896394,52.26756043528099,23.8451459931874,14.558695073006275,7.3076728156418636
124,0.5400965093104088,52.26756043528099,24.186847048263488,14.900396128082361,7.3076728156418636
125,0.004313013110820552,52.26756043528099,24.186847048263488,14.900396128082361,7.3076728156418636
126,0.38395954081134354,51.26756043528099,23.186847048263488,14.900396128082361,6.3076728156418636
127,1.329990825673782,51.26756043528099,25.65072978669833,13.900396128082361,8.771555554076707
128,1.972630067242408,51.26756043528099,25.65072978669833,13.900396128082361,9.254746286797033
129,1.7210377105017316,55.74990174359961,25.65072978669833,13.900396128082361,9.254746286797033
130,0.8065266079615315,55.74990174359961,25.65072978669833,13.900396128082361,9.663604805864928
131,0.06989404981323821,55.74990174359961,25.703282066356223,13.952948407740253,9.663604805864928
132,0.18839661286329945,54.74990174359961,24.703282066356223,12.952948407740253,9.663604805864928
133,1.0530835871460582,54.74990174359961,29.2929982037168,17.54266454510083,8.663604805864928
134,1.8689657562142357,54.74990174359961,30.067753578339325,17.54266454510083,9.438360180487454
135,1.8859248164599483,54.74990174359961,30.067753578339325,17.54266454510083,9.438360180487454
136,1.0883686861040014,60.52690945919862,30.067753578339325,17.54266454510083,10.020697594902469
137,0.20956679327711125,60.52690945919862,30.17988339804325,17.741667545275824,10.020697594902469
138,0.05748554544174911,60.52690945919862,30.17988339804325,17.741667545275824,10.020697594902469
139,0.7719477404991388,59.52690945919862,29.17988339804325,16.741667545275824,10.020697594902469
140,1.6960801312247415,59.52690945919862,30.377027119363117,17.938811266595692,9.020697594902469
141,1.9802396594403116,59.52690945919862,30.377027119363117,17.938811266595692,9.020697594902469
142,1.3631713653732591,61.292795015767304,30.377027119363117,17.938811266595692,9.020697594902469
143,0.4122049928325935,61.292795015767304,30.620061033412295,18.18184518064487,9.263731508951647
144,0.0016546391260821025,61.292795015767304,30.620061033412295,18.18184518064487,9.263731508951647
145,0.5089784061015307,60.292795015767304,30.620061033412295,18.18184518064487,8.263731508951647
146,1.4677451620451334,60.292795015767304,29.620061033412295,17.18184518064487,10.147439627901488
147,1.9964691731217736,60.292795015767304,29.620061033412295,17.18184518064487,10.507668382012946
148,1.6090440218832924,63.45411581561735,29.620061033412295,17.18184518064487,10.507668382012946
149,0.6616666056757234,63.45411581561735,30.070865861652212,17.632650008884788,10.83908677533635
150,0.025351351905505304,63.45411581561735,30.070865861652212,17.632650008884788,10.83908677533635
151,0.28512357037083536,62.45411581561735,29.070865861652212,16.632650008884788,10.83908677533635
152,1.2021498814156537,62.45411581561735,32.28710754188974,19.848891689122315,9.83908677533635
153,1.933320523748862,62.45411581561735,32.89532674453374,19.848891689122315,10.44730597798035
154,1.8064005807754864,68.78961651949132,32.89532674453374,19.848891689122315,10.44730597798035
155,0.9380796627439427,68.78961651949132,33.380543578069926,19.848891689122315,10.932522811516534
156,0.1266880172253524,68.78961651949132,33.380543578069926,19.954276233249345,10.932522811516534
157,0.1182153811852189,68.78961651949132,33.380543578069926,19.954276233249345,10.932522811516534
158,0.9204514571252779,67.78961651949132,33.380543578069926,18.954276233249345,10.932522811516534
159,1.7958240965274552,67.78961651949132,32.380543578069926,18.954276233249345,9.932522811516534
160,1.9395197317131483,67.78961651949132,32.380543578069926,20.06141585120442,9.932522811516534
161,1.2194252583790046,69.11442865264549,32.380543578069926,20.06141585120442,10.61155661039304
162,0.29759221442262895,69.11442865264549,32.546257032409954,20.21485188464955,10.61155661039304
163,0.02154964920662039,69.11442865264549,32.546257032409954,20.21485188464955,10.61155661039304
164,0.6450898241550647,68.11442865264549,31.546257032409954,19.21485188464955,10.61155661039304
165,1.5949327780232085,68.11442865264549,33.018676714602655,20.68727156684225,9.61155661039304
166,1.9977972794498906,68.11442865264549,33.018676714602655,20.68727156684225,9.86414688064004
167,1.4832915637282564,70.41378528204368,33.018676714602655,20.68727156684225,10.606610382310587
168,0.5244498131281012,70.41378528204368,33.34749923324078,21.01609408548038,10.606610382310587
169,0.0028267112259201532,70.41378528204368,33.34749923324078,21.01609408548038,10.606610382310587
170,0.3980001323223954,69.41378528204368,33.34749923324078,21.01609408548038,9.606610382310587
171,1.3466494554970303,69.41378528204368,32.34749923324078,20.01609408548038,11.990150602860545
172,1.9765908679435658,69.41378528204368,32.34749923324078,20.01609408548038,12.457934857979879
173,1.7086591401823226,73.70689727226343,32.34749923324078,20.01609408548038,12.457934857979879
174,0.7891894670865187,73.70689727226343,32.34749923324078,20.01609408548038,12.85720285009986
175,0.06353802574878675,73.70689727226343,32.394681538546315,20.06327639078591,12.85720285009986
176,0.19886540482195925,72.70689727226343,31.394681538546315,19.06327639078591,12.85720285009986
177,1.0707522360803452,72.70689727226343,35.77898775831828,23.447582610557877,11.85720285009986
178,1.8775897877771157,72.70689727226343,36.53251179918354,23.447582610557877,12.610726890965116
179,1.8775753358042688,82.14833499988242,36.53251179918354,23.447582610557877,12.610726890965116
180,1.0707221672389913,82.14833499988242,36.53251179918354,23.447582610557877,13.180991053142215
181,0.19884736426616956,82.14833499988242,36.63841744777656,23.63329071142917,13.180991053142215
182,0.06354859988235595,82.14833499988242,36.63841744777656,23.63329071142917,13.180991053142215
183,0.7892189340998085,81.14833499988242,35.63841744777656,22.63329071142917,13.180991053142215
184,1.7086804082392084,81.14833499988242,36.803444583356054,23.79831784700866,12.180991053142215
185,1.9765843832906294,81.14833499988242,36.803444583356054,23.79831784700866,12.180991053142215
186,1.346621180094276,82.85460574670662,36.803444583356054,23.79831784700866,12.969096993610021
187,0.3979760624447167,82.85460574670662,37.03635886066952,24.03123212432213,12.969096993610021
188,0.002828976607850975,82.85460574670662,37.03635886066952,24.03123212432213,12.969096993610021
189,0.5244763309879417,81.85460574670662,37.03635886066952,24.03123212432213,11.969096993610021
190,1.4833179536679626,81.85460574670662,36.03635886066952,23.03123212432213,13.797285542889028
191,1.9977992786806003,81.85460574670662,36.03635886066952,23.03123212432213,14.14413048179132
192,1.5949085484614272,84.89556003621125,36.03635886066952,23.03123212432213,14.94246320994945
193,0.6450616423481537,84.89556003621125,36.47123638692951,23.46610965058212,14.94246320994945
194,0.021543425377886893,84.89556003621125,36.47123638692951,23.46610965058212,14.94246320994945
195,0.2976136707315079,83.89556003621125,35.47123638692951,22.46610965058212,14.94246320994945
196,1.2194546679940637,83.89556003621125,38.568678097173375,25.563551360825983,14.94246320994945
197,1.9395300555699313,83.89556003621125,39.159167769709015,25.563551360825983,13.94246320994945
198,1.795805842919647,89.92957668103041,39.159167769709015,25.563551360825983,13.94246320994945
199,0.9204214083357165,89.92957668103041,39.6337267515059,25.563551360825983,14.417022191746332
200,0.11820116393244984,89.92957668103041,39.6337267515059,25.660480887633966,14.417022191746332
201,0.12670270278600537,88.92957668103041,38.6337267515059,25.660480887633966,13.417022191746332
202,0.9381097492812793,88.92957668103041,45.0377499384911,24.660480887633966,19.82104537873154
203,1.8064184068658304,88.92957668103041,45.96334383435435,24.660480887633966,20.746639274594784
204,1.9333097001669604,88.92957668103041,45.96334383435435,25.721337521570604,20.746639274594784
205,1.2021203593127912,98.4173013536691,45.96334383435435,25.721337521570604,21.412110991857947
206,0.2851024922322357,98.4173013536691,46.121171329439996,25.868806130561502,21.412110991857947
207,0.025358096874590008,98.4173013536691,46.121171329439996,25.868806130561502,21.412110991857947
208,0.6616949724590222,97.4173013536691,45.121171329439996,24.868806130561502,21.412110991857947
209,1.6090679301910602,97.4173013536691,46.55290800141646,26.300542802537965,20.412110991857947
210,1.9964666417661079,97.4173013536691,46.55290800141646,26.300542802537965,20.65287069149912
211,1.467718518342759,99.63542084895309,46.55290800141646,26.300542802537965,21.38802873904075
212,0.508952146149537,99.63542084895309,46.86921046236297,26.616845263484475,21.38802873904075
213,0.0016529062032282216,99.63542084895309,46.86921046236297,26.616845263484475,21.38802873904075
214,0.4122293801801594,98.63542084895309,46.86921046236297,26.616845263484475,20.38802873904075
215,1.3631994513763606,98.63542084895309,45.86921046236297,25.616845263484475,22.69492416406017
216,1.9802456219572226,98.63542084895309,45.86921046236297,25.616845263484475,23.14756971784018
217,1.6960584883449115,102.74977700572113,45.86921046236297,25.616845263484475,23.14756971784018
218,0.7719183905864722,102.74977700572113,45.86921046236297,25.616845263484475,23.537379134423325
219,0.057475472670597494,102.74977700572113,45.91137265118469,25.659007452306195,23.537379134423325
220,0.20958525850681853,101.74977700572113,44.91137265118469,24.659007452306195,23.537379134423325
221,1.0883987124875314,101.74977700572113,49.10447983936091,28.85211464048242,22.537379134423325
222,1.8859387978787574,101.74977700572113,49.837244474453556,28.85211464048242,23.270143769515965
223,1.8689508382163493,110.6671543610352,49.837244474453556,28.85211464048242,23.270143769515965
224,1.0530534852699354,110.6671543610352,49.837244474453556,28.85211464048242,23.828514744467206
225,0.1883790026350255,110.6671543610352,49.93713053801347,29.025193678957653,23.828514744467206
226,0.0699051219954746,110.6671543610352,49.93713053801347,29.025193678957653,23.828514744467206
227,0.8065561828409922,109.6671543610352,48.93713053801347,28.025193678957653,23.828514744467206
228,1.7210585970706318,109.6671543610352,50.0709665108634,29.15902965180758,22.828514744467206
229,1.9726230624856242,109.6671543610352,50.0709665108634,29.15902965180758,22.828514744467206
230,1.3299623697323972,111.3160938869189,50.0709665108634,29.15902965180758,23.601273075877938
231,0.3839357959466355,111.3160938869189,50.29404769856969,29.382110839513867,23.601273075877938
232,0.004315810241896756,111.3160938869189,50.29404769856969,29.382110839513867,23.601273075877938
233,0.5401232767678573,110.3160938869189,50.29404769856969,29.382110839513867,22.601273075877938
234,1.4987392818032812,110.3160938869189,49.29404769856969,28.382110839513867,24.376082728170395
235,1.9988166912028082,110.3160938869189,49.29404769856969,28.382110839513867,24.709748106446085
236,1.5805866409896447,113.2424381290112,49.29404769856969,28.382110839513867,25.500509284270006
237,0.6285679105630774,113.2424381290112,49.7134454672108,28.80150860815498,25.500509284270006
238,0.018042130217974517,113.2424381290112,49.7134454672108,28.80150860815498,25.500509284270006
239,0.3103238868197329,112.2424381290112,48.7134454672108,27.80150860815498,25.500509284270006
240,1.2366906812750766,112.2424381290112,51.69860656437594,30.786669705320115,25.500509284270006
241,1.9454451549211167,112.2424381290112,52.271712260389826,30.786669705320115,24.500509284270006
242,1.7849617132764033,117.99436954353776,52.271712260389826,30.786669705320115,24.500509284270006
243,0.9027880924817757,117.99436954353776,52.73576445440728,30.786669705320115,24.964561478287465
244,0.10999065114372286,117.99436954353776,52.73576445440728,30.875609205559833,24.964561478287465
245,0.1354637006557281,116.99436954353776,51.73576445440728,30.875609205559833,23.964561478287465
246,0.9557874367714403,116.99436954353776,57.79143643254488,29.875609205559833,30.02023345642506
247,1.8167599996228085,116.99436954353776,58.69223563718776,29.875609205559833,30.921032661067937
248,1.9268071855026885,116.99436954353776,58.69223563718776,30.891546129789827,30.921032661067937
249,1.184752119221718,125.74027057449133,58.69223563718776,30.891546129789827,31.573156287451
250,0.272836806556351,125.74027057449133,58.84241331977269,31.033146601601008,31.573156287451
251,0.029471980458194658,125.74027057449133,58.84241331977269,31.033146601601008,31.573156287451
252,0.6784061397074962,124.74027057449133,57.84241331977269,30.033146601601008,31.573156287451
253,1.623012211003653,124.74027057449133,59.23480353561513,31.425536817443447,30.573156287451
254,1.9948237286710673,124.74027057449133,59.23480353561513,31.425536817443447,30.802243607402517
255,1.4519988980629834,126.88057976846329,59.23480353561513,31.425536817443447,31.530126917187633
256,0.4936083650755091,126.88057976846329,59.538934559232175,31.729667841060497,31.530126917187633
257,0.0007919658929372853,126.88057976846329,59.538934559232175,31.729667841060497,31.530126917187633
258,0.4266428251844574,125.88057976846329,59.538934559232175,31.729667841060497,30.530126917187633
259,1.379635626829303,125.88057976846329,58.538934559232175,30.729667841060497,32.76382861188465
260,1.983593183946681,125.88057976846329,58.538934559232175,30.729667841060497,33.20159460268136
261,1.6832397038158509,129.82589328238,58.538934559232175,30.729667841060497,33.20159460268136
262,0.7547187909180572,129.82589328238,58.538934559232175,30.729667841060497,33.58207523602192
263,0.051708290477951224,129.82589328238,58.57641423101826,30.76714751284658,33.58207523602192
264,0.22055281450113662,128.82589328238,57.57641423101826,29.76714751284658,33.58207523602192
265,1.1060174862671137,128.82589328238,61.59116540872955,33.78189869055787,32.58207523602192
266,1.8940101700837944,128.82589328238,62.30362492551008,33.78189869055787,33.29453475280245
267,1.8600540264645697,137.25949242130636,62.30362492551008,33.78189869055787,33.29453475280245
268,1.035368177256176,137.25949242130636,62.30362492551008,33.78189869055787,33.84118872204189
269,0.17816498898716027,137.25949242130636,62.397692524407546,33.942985645510525,33.84118872204189
270,0.07655311975701329,137.25949242130636,62.397692524407546,33.942985645510525,33.84118872204189
271,0.8239540535287886,136.25949242130636,61.397692524407546,32.942985645510525,33.84118872204189
272,1.7332108186087174,136.25949242130636,62.50122100537783,34.04651412648081,32.84118872204189
273,1.9683569384347241,136.25949242130636,62.50122100537783,34.04651412648081,32.84118872204189
274,1.3132001548706698,137.8532707991741,62.50122100537783,34.04651412648081,33.59885774924356
275,0.3700885933150386,137.8532707991741,62.71474874784376,34.260041868946736,33.59885774924356
276,0.006114674080273885,137.8532707991741,62.71474874784376,34.260041868946736,33.59885774924356
277,0.5559143399590901,136.8532707991741,62.71474874784376,34.260041868946736,32.59885774924356
278,1.5140043136735692,136.8532707991741,61.71474874784376,33.260041868946736,34.32230667805692
279,1.99952109184891,136.8532707991741,61.71474874784376,33.260041868946736,34.64299055840683
280,1.5660827877060441,139.67040048109828,61.71474874784376,33.260041868946736,35.42621949962191
281,0.6121905791707705,139.67040048109828,62.11910068636985,33.66439380747283,35.42621949962191
282,0.014848563671114867,139.67040048109828,62.11910068636985,33.66439380747283,35.42621949962191
283,0.32325023547361653,138.67040048109828,61.11910068636985,33.66439380747283,34.42621949962191
284,1.253852519790234,138.67040048109828,63.997991966845255,32.66439380747283,37.305110780097316
285,1.9510639681125854,138.67040048109828,64.55404735399637,32.66439380747283,37.86116616724843
286,1.7738715902084317,144.15801161186639,64.55404735399637,32.66439380747283,37.86116616724843
287,0.885185241158334,144.15801161186639,65.00774095688456,32.66439380747283,38.31485977013662
288,0.10205905189187525,144.15801161186639,65.00774095688456,32.74579018406499,38.31485977013662
289,0.14449562924917925,143.15801161186639,64.00774095688456,32.74579018406499,37.31485977013662
290,0.973478979714244,143.15801161186639,69.74482348853334,31.745790184064987,43.0519423017854
291,1.8268456339220815,143.15801161186639,70.6214388772481,31.745790184064987,43.92855769050015
292,1.9200142254959647,143.15801161186639,70.6214388772481,31.745790184064987,43.92855769050015
293,1.1673259810118393,151.23663646078006,70.6214388772481,31.745790184064987,44.56754215603799
294,0.260799001248726,151.23663646078006,70.76419806631478,32.01369427514796,44.56754215603799
295,0.03389001073747033,151.23663646078006,70.76419806631478,32.01369427514796,44.56754215603799
296,0.695218088909697,150.23663646078006,69.76419806631478,31.013694275147962,44.56754215603799
297,1.6367612505645517,150.23663646078006,71.1185114489419,32.36800765777508,43.56754215603799
298,1.9928690550253179,150.23663646078006,71.1185114489419,32.36800765777508,43.785110725881594
299,1.4361376291460488,152.30237331667564,71.1185114489419,32.36800765777508,44.50574895623828
300,0.47842327838162957,152.30237331667564,71.41081020553612,32.66030641436931,44.50574895623828
301,0.00024416009885053214,152.30237331667564,71.41081020553612,32.66030641436931,44.50574895623828
302,0.4412359504109109,151.30237331667564,71.41081020553612,32.66030641436931,43.50574895623828
303,1.3959528310427407,151.30237331667564,70.41081020553612,31.66030641436931,45.669482169143365
304,1.9866325048439104,151.30237331667564,70.41081020553612,31.66030641436931,46.09261944188341
305,1.670206803780506,155.08766506868517,70.41081020553612,31.66030641436931,46.09261944188341
306,0.7375960581383361,155.08766506868517,70.41081020553612,31.66030641436931,46.463899009865855
307,0.04623828650600126,155.08766506868517,70.44393330645886,31.693429515292042,46.463899009865855
308,0.2317646357625529,154.08766506868517,69.44393330645886,30.693429515292042,46.463899009865855
309,1.1236030360001128,154.08766506868517,73.29196817728041,34.541464386113596,45.463899009865855
310,1.9018013749637745,154.08766506868517,73.98456005717952,34.541464386113596,46.15649088976496
311,1.8508876886558596,162.07373111610463,73.98456005717952,34.541464386113596,46.15649088976496
312,1.017671785467371,162.07373111610463,73.98456005717952,34.541464386113596,46.691600285974516
313,0.16820852421779553,162.07373111610463,74.0730070035495,34.69116896934131,46.691600285974516
314,0.08349050979945316,162.07373111610463,74.0730070035495,34.69116896934131,46.691600285974516
315,0.8414070939714272,161.07373111610463,73.0730070035495,33.69116896934131,46.691600285974516
316,1.7451332645574127,161.07373111610463,74.14707231279287,34.76523427858468,45.691600285974516
317,1.963787348067422,161.07373111610463,74.14707231279287,34.76523427858468,45.691600285974516
318,1.2963397884973225,162.61441195631318,74.14707231279287,34.76523427858468,46.43443168734952
319,0.3564387940237381,162.61441195631318,74.35131963376416,34.96948159955597,46.43443168734952
320,0.008225004390167379,162.61441195631318,74.35131963376416,34.96948159955597,46.43443168734952
321,0.5718445719155485,161.61441195631318,74.35131963376416,34.96948159955597,45.43443168734952
322,1.5291082654818533,161.61441195631318,73.35131963376416,33.96948159955597,47.108424482908795
323,1.999912259871926,161.61441195631318,73.35131963376416,33.96948159955597,47.41631896299109
324,1.551401533867395,164.32738959055138,73.35131963376416,33.96948159955597,48.19205376146007
325,0.5959347805436392,164.32738959055138,73.74104663609376,34.359208601885555,48.19205376146007
326,0.01196372654582989,164.32738959055138,73.74104663609376,34.359208601885555,48.19205376146007
327,0.3363886657990568,163.32738959055138,72.74104663609376,34.359208601885555,47.19205376146007
328,1.2709348053161655,163.32738959055138,75.51922032187235,33.359208601885555,49.97022744723866
329,1.9563847343054626,163.32738959055138,76.0585476942302,33.359208601885555,50.50955481959651
330,1.7625389491684937,168.56698036267733,76.0585476942302,33.359208601885555,50.50955481959651
331,0.8676183707945481,168.56698036267733,76.50202813832729,33.359208601885555,50.95303526369359
332,0.09440885180293268,168.56698036267733,76.50202813832729,33.43349160319139,50.95303526369359
333,0.15379565811614848,167.56698036267733,75.50202813832729,33.43349160319139,49.95303526369359
334,0.9911788338861142,167.56698036267733,80.9468058780055,32.43349160319139,55.3978130033718
335,1.8366721491002946,167.56698036267733,81.79982380606118,32.43349160319139,56.25083093142749
336,1.9129329489429683,167.56698036267733,81.79982380606118,32.43349160319139,56.25083093142749
337,1.1498474057334782,175.04344244111323,81.79982380606118,32.43349160319139,56.87688028176839
338,0.24899284874934569,175.04344244111323,81.93539119563113,32.68470040652421,56.87688028176839
339,0.03861080317813925,175.04344244111323,81.93539119563113,32.68470040652421,56.87688028176839
340,0.7121255514915139,174.04344244111323,80.93539119563113,31.684700406524207,56.87688028176839
341,1.6503107401625525,174.04344244111323,82.25283470921669,33.00214392010977,55.87688028176839
342,1.9906032333897739,174.04344244111323,82.25283470921669,33.00214392010977,56.08307932352807
343,1.4201396822393069,176.0376689918456,82.25283470921669,33.00214392010977,56.79650109358165
344,0.4634016448114363,176.0376689918456,82.53363130923505,33.282940520128136,56.79650109358165
345,9.66049382911116e-06,176.0376689918456,82.53363130923505,33.282940520128136,56.79650109358165
346,0.4560041826264677,175.0376689918456,82.53363130923505,33.282940520128136,55.79650109358165
347,1.412145950487085,175.0376689918456,81.53363130923505,32.282940520128136,57.89328398349613
348,1.9893626321783087,175.0376689918456,81.53363130923505,32.282940520128136,58.302035417079985
349,1.6569638725243396,178.67132836527645,81.53363130923505,32.282940520128136,58.302035417079985
350,0.720555558215618,178.67132836527645,81.53363130923505,32.282940520128136,58.66423964599255
351,0.04106717495938683,178.67132836527645,81.5627127047843,32.312021915677384,58.66423964599255
352,0.2432172087001967,177.67132836527645,80.5627127047843,31.312021915677384,58.66423964599255
353,1.1411498506793913,177.67132836527645,84.25460871320382,35.00391792409691,57.66423964599255
354,1.909309970889841,177.67132836527645,84.92775441773432,35.00391792409691,58.33738535052305
355,1.8414546973619528,185.24256358832284,84.92775441773432,35.00391792409691,58.33738535052305
356,0.9999698556466405,185.24256358832284,84.92775441773432,35.00391792409691,58.861118987749386
357,0.15851272851078924,185.24256358832284,85.01077536819682,35.14282407074927,58.861118987749386
358,0.09071511806473975,185.24256358832284,85.01077536819682,35.14282407074927,58.861118987749386
359,0.8589098346878902,184.24256358832284,84.01077536819682,34.14282407074927,58.861118987749386
360,1.7568221986283603,184.24256358832284,85.0561847088254,35.18823341137785,57.861118987749386
361,1.9589157234143064,184.24256358832284,85.0561847088254,35.18823341137785,57.861118987749386
362,1.27938655435957,185.73211057298914,85.0561847088254,35.18823341137785,58.589358052213875
363,0.3429906756837534,185.73211057298914,85.25141828223512,35.38346698478758,58.589358052213875
364,0.010646139830557177,185.73211057298914,85.25141828223512,35.38346698478758,58.589358052213875
365,0.5879089803780566,184.73211057298914,85.25141828223512,35.38346698478758,57.589358052213875
366,1.544046403910865,184.73211057298914,84.25141828223512,34.38346698478758,59.2156938549396
367,1.999990072686563,184.73211057298914,84.25141828223512,34.38346698478758,59.51098528375991
368,1.536547480324732,187.3456911298581,84.25141828223512,34.38346698478758,60.279262837388316
369,0.5798056089678232,187.3456911298581,84.62692876397922,34.75897746653169,60.279262837388316
370,0.009388522900180218,187.3456911298581,84.62692876397922,34.75897746653169,60.279262837388316
371,0.34973506043922375,186.3456911298581,83.62692876397922,34.75897746653169,59.279262837388316
372,1.287932184560032,186.3456911298581,86.30952261928944,33.75897746653169,61.96185669269853
373,1.9614057860636485,186.3456911298581,86.83243338243159,33.75897746653169,62.484767455840675
374,1.7509673416102893,191.35224477481233,86.83243338243159,33.75897746653169,62.484767455840675
375,0.8500929865437643,191.35224477481233,87.26584343586568,33.75897746653169,62.918177509274756
376,0.0870424483172898,191.35224477481233,87.26584343586568,33.8265605655184,62.918177509274756
377,0.16336087278843647,190.35224477481233,86.26584343586568,32.8265605655184,62.918177509274756
378,1.008881452458879,190.35224477481233,91.4416273628128,38.00234449246552,62.918177509274756
379,1.8462364656975445,190.35224477481233,92.27161091657705,38.00234449246552,61.918177509274756
380,1.9055655749932976,190.35224477481233,92.27161091657705,38.00234449246552,61.918177509274756
381,1.1323218708698284,197.28365895950674,92.27161091657705,38.00234449246552,62.53149107549879
382,0.23742204890221152,197.28365895950674,92.40020877135537,38.23767645175921,62.53149107549879
383,0.04363287836549834,197.28365895950674,92.40020877135537,38.23767645175921,62.53149107549879
384,0.7291232289465946,196.28365895950674,91.40020877135537,37.23767645175921,62.53149107549879
385,1.6636564336219597,196.28365895950674,92.68193066358685,38.5193983439907,61.53149107549879
386,1.9880269738337468,196.28365895950674,92.68193066358685,38.5193983439907,61.53149107549879
387,1.4040100708226275,198.20927319737854,92.68193066358685,38.5193983439907,61.53149107549879
388,0.44854817188508533,198.20927319737854,92.9515465306734,38.789014211077244,61.801106942585335
389,8.854056599361115e-05,198.20927319737854,92.9515465306734,38.789014211077244,61.801106942585335
390,0.4709428937225736,197.20927319737854,92.9515465306734,38.789014211077244,61.801106942585335
391,1.4282099105187687,197.20927319737854,91.9515465306734,37.789014211077244,60.801106942585335
392,1.9917827103751873,197.20927319737854,91.9515465306734,37.789014211077244,61.195707761208496
393,1.6435150601529656,200.69911258567842,91.9515465306734,37.789014211077244,61.195707761208496
394,0.7036026313478566,200.69911258567842,92.44419304304236,38.28166072344621,61.54896046677863
395,0.036196576375030154,200.69911258567842,92.44419304304236,38.28166072344621,61.54896046677863
396,0.254906944275786,199.69911258567842,91.44419304304236,37.28166072344621,61.54896046677863
397,1.1586524314367075,199.69911258567842,94.98958679341094,40.82705447381478,60.54896046677863
398,1.916533604797894,199.69911258567842,95.64369250518287,40.82705447381478,61.203066178550564
399,1.8317580087191732,206.88509966784036,95.64369250518287,40.82705447381478,61.203066178550564
400,0.9822679352726291,206.88509966784036,95.64369250518287,40.82705447381478,61.71558937815092
401,0.14908064036082347,206.88509966784036,95.7214791090742,40.95572173961076,61.71558937815092
402,0.09822468048559507,206.88509966784036,95.7214791090742,40.95572173961076,61.71558937815092
403,0.8764567906219536,205.88509966784036,94.7214791090742,39.95572173961076,61.71558937815092
404,1.7682739577117872,205.88509966784036,95.73900464670736,40.973247277243914,60.71558937815092
405,1.953743591158287,205.88509966784036,95.73900464670736,40.973247277243914,60.71558937815092
406,1.2623457653077783,207.32538261026812,95.73900464670736,40.973247277243914,61.429475232660316
407,0.32974845270278186,207.32538261026812,95.92548505675055,41.1597276872871,61.429475232660316
408,0.013377321659470698,207.32538261026812,95.92548505675055,41.1597276872871,61.429475232660316
409,0.6041025310388424,206.32538261026812,94.92548505675055,40.1597276872871,61.429475232660316
410,1.5588140476063819,206.32538261026812,96.50586498816016,41.74010761869671,60.429475232660316
411,1.9997545059076307,206.32538261026812,96.50586498816016,41.74010761869671,60.712344417075435
412,1.5215252820815293,208.84403665309267,96.50586498816016,41.74010761869671,61.473200450946926
413,0.5638081190467339,208.84403665309267,96.8675554155158,42.10179804605236,61.473200450946926
414,0.007123759758449255,208.84403665309267,96.8675554155158,42.10179804605236,61.473200450946926
415,0.36328523686486824,207.84403665309267,95.8675554155158,42.10179804605236,60.473200450946926
416,1.3048393308371544,207.84403665309267,98.45933178963396,41.10179804605236,63.06497682506509
417,1.9661255498763623,207.84403665309267,98.96612692019991,41.10179804605236,63.57177195563104
418,1.7391603938754914,212.63135035976666,98.96612692019991,41.10179804605236,63.57177195563104
419,0.8326145805582985,212.63135035976666,99.38960678424554,41.10179804605236,63.99525181967668
420,0.07996214993839434,212.63135035976666,99.38960678424554,41.163079268995794,63.99525181967668
421,0.17318827569319883,211.63135035976666,98.38960678424554,40.163079268995794,63.99525181967668
422,1.0265812877380511,211.63135035976666,103.31715172704888,45.09062421179913,62.99525181967668
423,1.855535586422428,211.63135035976666,104.12464189717548,45.09062421179913,63.80274198980327
424,1.897914412454527,211.63135035976666,104.12464189717548,45.09062421179913,63.80274198980327
425,1.1147548686204054,218.06801510602918,104.12464189717548,45.09062421179913,64.4035145520637
426,0.22609022779587395,218.06801510602918,104.24648824140635,45.31086028126231,64.4035145520637
427,0.048954662468042476,218.06801510602918,104.24648824140635,45.31086028126231,64.4035145520637
428,0.7462057944968061,217.06801510602918,103.24648824140635,44.31086028126231,64.4035145520637
429,1.6767941486332614,217.06801510602918,104.49358168533222,45.55795372518817,63.4035145520637
430,1.985141083712425,217.06801510602918,104.49358168533222,45.55795372518817,63.4035145520637
431,1.3877538496372612,218.92776192101215,104.49358168533222,45.55795372518817,63.4035145520637
432,0.43386751442409544,218.92776192101215,104.75232991317982,45.81670195303578,63.66226277991131
433,0.0004807755956935944,218.92776192101215,104.75232991317982,45.81670195303578,63.66226277991131
434,0.4860474021655419,217.92776192101215,104.75232991317982,45.81670195303578,63.66226277991131
435,1.4441396769705497,217.92776192101215,103.75232991317982,44.81670195303578,62.66226277991131
436,1.9938919810238955,217.92776192101215,103.75232991317982,44.81670195303578,63.042940849228394
437,1.6298645812915784,221.28106568115953,103.75232991317982,44.81670195303578,63.042940849228394
438,0.6867425902891249,221.28106568115953,104.22786742609529,45.292239465951255,63.387364015992155
439,0.03162801711428875,221.28106568115953,104.22786742609529,45.292239465951255,63.387364015992155
440,0.26683017912837004,220.28106568115953,103.22786742609529,44.292239465951255,63.387364015992155
441,1.176105293265966,220.28106568115953,106.63555960359875,47.699931643454725,62.387364015992155
442,1.923470012926003,220.28106568115953,107.27101692526819,47.699931643454725,63.02282133766159
443,1.8218006615020341,227.10863169132054,107.27101692526819,47.699931643454725,63.02282133766159
444,0.9645715718210205,227.10863169132054,107.27101692526819,47.699931643454725,63.5242960502066
445,0.13991521562119302,227.10863169132054,107.34375796863301,47.8188965154116,63.5242960502066
446,0.10601684369503717,227.10863169132054,107.34375796863301,47.8188965154116,63.5242960502066
447,0.894042462861109,226.10863169132054,106.34375796863301,46.8188965154116,63.5242960502066
448,1.7794849530244592,226.10863169132054,107.33413876926049,46.8188965154116,62.5242960502066
449,1.9482725721561587,226.10863169132054,107.33413876926049,47.998068817721844,62.5242960502066
450,1.2452227616305098,227.5014321603783,107.33413876926049,47.998068817721844,63.22406187824246
451,0.3167162749644765,227.5014321603783,107.51212076030019,48.16063142805206,63.22406187824246
452,0.016417693971759628,227.5014321603783,107.51212076030019,48.16063142805206,63.22406187824246
453,0.6204201491192025,226.5014321603783,106.51212076030019,47.16063142805206,63.22406187824246
454,1.5734065686442813,226.5014321603783,108.04815472192767,48.69666538967954,62.22406187824246
455,1.9992056333576835,226.5014321603783,108.04815472192767,48.69666538967954,62.494684280105375
456,1.5063396468349013,228.92936692196434,108.04815472192767,48.69666538967954,63.248153368877894
457,0.5479473241170301,228.92936692196434,108.39641011569356,49.04492078344541,63.248153368877894
458,0.005170146858235691,228.92936692196434,108.39641011569356,49.04492078344541,63.248153368877894
459,0.37703494868505394,227.92936692196434,107.39641011569356,49.04492078344541,62.248153368877894
460,1.3216509457403056,227.92936692196434,109.90179058599131,48.04492078344541,64.75353383917565
461,1.970542546651256,227.92936692196434,109.90179058599131,48.04492078344541,65.24450432045312
462,1.7271218060573148,232.51016722199176,109.90179058599131,48.04492078344541,65.24450432045312
463,0.8151886302682909,232.51016722199176,109.90179058599131,48.04492078344541,65.65819172428697
464,0.07317017550930172,232.51016722199176,109.95715329408388,48.10028349153799,65.65819172428697
465,0.18327478709233402,231.51016722199176,108.95715329408388,47.10028349153799,65.65819172428697
466,1.0442727929013798,231.51016722199176,113.65500628013196,51.79813647758606,64.65819172428697
467,1.864566597091342,231.51016722199176,114.44052306249577,51.79813647758606,65.44370850665078
468,1.8899818590686666,231.51016722199176,114.44052306249577,51.79813647758606,65.44370850665078
469,1.0971519041798863,237.49654386215198,114.44052306249577,51.79813647758606,66.03213045193898
470,0.21500093662707975,237.49654386215198,114.55583186238657,52.00402227494532,66.03213045193898
471,0.0545744877306763,237.49654386215198,114.55583186238657,52.00402227494532,66.03213045193898
472,0.7633678947615545,236.49654386215198,113.55583186238657,51.00402227494532,66.03213045193898
473,1.689719768063795,236.49654386215198,114.76933832455131,52.217528737110065,65.03213045193898
474,1.9819464674138594,236.49654386215198,114.76933832455131,52.217528737110065,65.03213045193898
475,1.3713761131017697,238.2930251164889,114.76933832455131,52.217528737110065,65.03213045193898
476,0.41936427309260704,238.2930251164889,115.01752401842714,52.46571443098589,65.28031614581481
477,0.001186242663254622,238.2930251164889,115.01752401842714,52.46571443098589,65.28031614581481
478,0.5013129744636649,237.2930251164889,115.01752401842714,52.46571443098589,65.28031614581481
479,1.4599302577291338,237.2930251164889,114.01752401842714,51.46571443098589,64.28031614581481
480,1.9956897831154927,237.2930251164889,114.01752401842714,51.46571443098589,64.6472922548104
481,1.6160167137641634,240.51659361776913,114.01752401842714,51.46571443098589,64.6472922548104
482,0.66998071868469,240.51659361776913,114.4764368432951,51.924627255853856,64.9830061139247
483,0.027362928884619886,240.51659361776913,114.4764368432951,51.924627255853856,64.9830061139247
484,0.2789831767223627,239.51659361776913,113.4764368432951,50.924627255853856,64.9830061139247
485,1.1935029667421233,239.51659361776913,116.75448321427707,54.20267362683582,63.9830061139247
486,1.9301170215238277,239.51659361776913,117.37166982822612,54.20267362683582,64.60019272787375
487,1.811585776170937,246.0101241505216,117.37166982822612,54.20267362683582,64.60019272787375
488,0.9468863110260549,246.0101241505216,117.86225475155811,54.20267362683582,65.09077765120574
489,0.1310193265774915,246.0101241505216,117.86225475155811,54.31245075368715,65.09077765120574
490,0.11408916576388461,246.0101241505216,117.86225475155811,54.31245075368715,65.09077765120574
491,0.9116613403598277,245.0101241505216,117.86225475155811,53.31245075368715,65.09077765120574
492,1.7904516712343437,245.0101241505216,116.86225475155811,53.31245075368715,64.09077765120574
493,1.9425043809306535,245.0101241505216,116.86225475155811,54.4431809875303,64.09077765120574
494,1.2280229093809676,246.35714069604745,116.86225475155811,54.4431809875303,64.77665090269338
495,0.30389822652794385,246.35714069604745,117.03198746839735,54.59962759815897,64.77665090269338
496,0.019766303967325705,246.35714069604745,117.03198746839735,54.59962759815897,64.77665090269338
497,0.6368567209598499,245.35714069604745,116.03198746839735,53.59962759815897,64.77665090269338
498,1.5878193939808536,245.35714069604745,117.52520037127407,55.09284050103568,63.776650902693376
499,1.9983436270438855,245.35714069604745,117.52520037127407,55.09284050103568,64.03519682713494
500,1.4909953335002932,247.69831930723194,117.52520037127407,55.09284050103568,64.78131241672746
501,0.5322281946775238,247.69831930723194,117.86039478739917,55.42803491716078,64.78131241672746
502,0.0035282964280340945,247.69831930723194,117.86039478739917,55.42803491716078,64.78131241672746
503,0.39097988697790287,246.69831930723194,116.86039478739917,55.42803491716078,63.78131241672746
504,1.3383617608001377,246.69831930723194,119.28349097565854,54.42803491716078,66.20440860498682
505,1.9746553921779337,246.69831930723194,119.28349097565854,54.42803491716078,66.67983583999494
506,1.7148553508409696,251.08436423679603,119.28349097565854,54.42803491716078,66.67983583999494
507,0.7978205966651739,251.08436423679603,119.28349097565854,54.42803491716078,67.08386613298961
508,0.06666865351732809,251.08436423679603,119.33330460263893,54.47784854414118,67.08386613298961
509,0.19361724604761954,250.08436423679603,118.33330460263893,53.47784854414118,67.08386613298961
510,1.061950423737128,250.08436423679603,122.8180971271434,57.96264106864566,66.08386613298961
511,1.8733266675417377,250.08436423679603,123.58214055673146,57.96264106864566,66.84790956257767
512,1.8817704007607503,250.08436423679603,123.58214055673146,57.96264106864566,66.84790956257767
513,1.0795184940128764,255.659892843103,123.58214055673146,57.96264106864566,67.42416703689712
514,0.2041576505878877,255.659892843103,123.69112189678562,58.154888885515895,67.42416703689712
515,0.060490592997359593,255.659892843103,123.69112189678562,58.154888885515895,67.42416703689712
516,0.7806041514354419,254.659892843103,122.69112189678562,57.154888885515895,67.42416703689712
517,1.7024292412479847,254.659892843103,123.87203425565203,58.33580124438231,66.42416703689712
518,1.9784441260755459,254.659892843103,123.87203425565203,58.33580124438231,66.42416703689712
519,1.3548819937155239,256.3955766608537,123.87203425565203,58.33580124438231,67.22001919972904
520,0.4050429929556145,256.3955766608537,124.10995485942331,58.573721848153596,67.22001919972904
521,0.0022047206874991065,256.3955766608537,124.10995485942331,58.573721848153596,67.22001919972904
522,0.516734826650608,255.3955766608537,124.10995485942331,58.573721848153596,66.22001919972904
523,1.4755767042996153,255.3955766608537,123.10995485942331,57.573721848153596,68.07559739612053
524,1.9971755532498972,255.3955766608537,123.10995485942331,57.573721848153596,68.42908552549423
525,1.6019757972528996,258.4957659932365,123.10995485942331,57.573721848153596,68.42908552549423
526,0.6533222694152095,258.4957659932365,123.55271209970199,58.01647908843228,68.75620863109809
527,0.023402648290908545,258.4957659932365,123.55271209970199,58.01647908843228,68.75620863109809
528,0.29136212851850896,257.4957659932365,122.55271209970199,57.01647908843228,68.75620863109809
529,1.2108399997352113,257.4957659932365,125.70850271632048,60.17226970505077,67.75620863109809
530,1.9364725475338362,257.4957659932365,126.3077830076532,60.17226970505077,68.35548892243081
531,1.8011165538942744,263.67747726454144,126.3077830076532,60.17226970505077,68.35548892243081
532,0.9292176951425922,263.67747726454144,126.78763370128993,60.17226970505077,68.83533961606754
533,0.1223957610474875,263.67747726454144,126.78763370128993,60.273353053035855,68.83533961606754
534,0.12243911696601506,262.67747726454144,125.78763370128993,60.273353053035855,67.83533961606754
535,0.9293079016666267,262.67747726454144,132.37759289647565,59.273353053035855,74.42529881125327
536,1.8011706755616272,262.67747726454144,133.31577793970126,59.273353053035855,75.36348385447887
537,1.9364408251331382,262.67747726454144,133.31577793970126,60.35709819461952,75.36348385447887
538,1.2107515986953687,272.566078462404,133.31577793970126,60.35709819461952,76.03568644756064
539,0.29129832434787095,272.566078462404,133.47750515872622,60.50752795243452,76.03568644756064
540,0.02342210224971164,272.566078462404,133.47750515872622,60.50752795243452,76.03568644756064
541,0.6534070956234468,271.566078462404,132.47750515872622,59.50752795243452,76.03568644756064
542,1.6020480068859135,271.566078462404,133.92934263893804,60.95936543264634,75.03568644756064
543,1.9971687571041068,271.566078462404,133.92934263893804,60.95936543264634,75.28232122287316
544,1.475497150720118,273.82423751914376,133.92934263893804,60.95936543264634,76.02111565147197
545,0.5166556568315135,273.82423751914376,134.25183962692518,61.28186242063348,76.02111565147197
546,0.002198722995372604,273.82423751914376,134.25183962692518,61.28186242063348,76.02111565147197
547,0.40511568164093725,272.82423751914376,134.25183962692518,61.28186242063348,75.02111565147197
548,1.354966539136231,272.82423751914376,133.25183962692518,60.28186242063348,77.36575670226489
549,1.9784627975617406,272.82423751914376,133.25183962692518,60.28186242063348,77.82591290569628
550,1.7023648723213674,277.0264072930362,133.25183962692518,60.28186242063348,77.82591290569628
551,0.780515922590292,277.0264072930362,133.25183962692518,60.28186242063348,78.22041914738665
552,0.06045962142701966,277.0264072930362,133.29646037561582,60.32648316932412,78.22041914738665
553,0.20421241141129554,276.0264072930362,132.29646037561582,59.32648316932412,78.22041914738665
554,1.0796086403815333,276.0264072930362,136.5831549154846,63.613177709192904,77.22041914738665
555,1.8818130525190444,276.0264072930362,137.3262060380229,63.613177709192904,77.96347026992491
556,1.873282610859792,285.19961374955705,137.3262060380229,63.613177709192904,77.96347026992491
557,1.0618601641251455,285.19961374955705,137.3262060380229,63.613177709192904,78.52774532514557
558,0.19356376777660345,285.19961374955705,137.42906629160518,63.792468389664116,78.52774532514557
559,0.06670112426302288,285.19961374955705,137.42906629160518,63.792468389664116,78.52774532514557
560,0.7979091629737343,284.19961374955705,136.42906629160518,62.792468389664116,78.52774532514557
561,1.7149185852567497,284.19961374955705,137.5783317278679,63.94173382592682,77.52774532514557
562,1.9746351572706857,284.19961374955705,137.5783317278679,63.94173382592682,77.52774532514557
563,1.3382766604502674,285.87684309163234,137.5783317278679,63.94173382592682,78.30811861630674
564,0.39090816205462076,285.87684309163234,137.80627733730688,64.16967943536582,78.30811861630674
565,0.003535890495029226,285.87684309163234,137.80627733730688,64.16967943536582,78.30811861630674
566,0.5323081257846228,284.87684309163234,137.80627733730688,64.16967943536582,77.30811861630674
567,1.4910741133562504,284.87684309163234,136.80627733730688,63.16967943536582,79.10926712621988
568,1.9983488258124456,284.87684309163234,136.80627733730688,63.16967943536582,79.44947470404065
569,1.587746231938178,287.859600924979,136.80627733730688,63.16967943536582,80.24400377295467
570,0.6367724629505704,287.859600924979,137.23333354950097,63.5967356475599,80.24400377295467
571,0.01974841641659808,287.859600924979,137.23333354950097,63.5967356475599,80.24400377295467
572,0.30396315516741446,286.859600924979,136.23333354950097,62.5967356475599,80.24400377295467
573,1.2281109591189407,286.859600924979,139.27366191904474,65.63706401710368,80.24400377295467
574,1.942534599244099,286.859600924979,139.85538756428912,65.63706401710368,79.24400377295467
575,1.7903962755452385,292.74977624757406,139.85538756428912,65.63706401710368,79.24400377295467
576,0.9115712612092648,292.74977624757406,140.32465656035436,65.63706401710368,79.71327276901991
577,0.11404722150747026,292.74977624757406,140.32465656035436,65.72992795635986,79.71327276901991
578,0.13106408057113716,291.74977624757406,139.32465656035436,65.72992795635986,78.71327276901991
579,0.9469766166543965,291.74977624757406,145.54995133622094,64.72992795635986,84.93856754488651
580,1.8116386068557429,291.74977624757406,146.4630277258536,64.72992795635986,85.85164393451917
581,1.9300838049771285,291.74977624757406,146.4630277258536,65.76808156124609,85.85164393451917
582,1.1934142421037683,300.8553545029071,146.4630277258536,65.76808156124609,86.5103924495859
583,0.2789205170156809,300.8553545029071,146.61698807752649,65.91259368880057,86.5103924495859
584,0.027383943154964396,300.8553545029071,146.61698807752649,65.91259368880057,86.5103924495859
585,0.6700660865088183,299.8553545029071,145.61698807752649,64.91259368880057,86.5103924495859
586,1.616087948358266,299.8553545029071,147.02882174721483,66.3244273584889,85.5103924495859
587,1.9956813917222669,299.8553545029071,147.02882174721483,66.3244273584889,85.74527659914571
588,1.4598499553568125,302.0340201371626,147.02882174721483,66.3244273584889,86.47678111755833
589,0.5012345907430269,302.0340201371626,147.3389747876185,66.63458039889257,86.47678111755833
590,0.0011818432255698008,302.0340201371626,147.3389747876185,66.63458039889257,86.47678111755833
591,0.41943790276059356,301.0340201371626,147.3389747876185,66.63458039889257,85.47678111755833
592,1.3714600770982415,301.0340201371626,146.3389747876185,65.63458039889257,87.74653825698653
593,1.98196356962768,301.0340201371626,146.3389747876185,65.63458039889257,88.19168682727604
594,1.6896542847984488,305.06239781518775,146.3389747876185,65.63458039889257,88.19168682727604
595,0.7632800310292092,305.06239781518775,146.3389747876185,65.63458039889257,88.57679987512716
596,0.05454502504164582,305.06239781518775,146.3787462880453,65.67435189931936,88.57679987512716
597,0.21505696284178466,304.06239781518775,145.3787462880453,64.67435189931936,88.57679987512716
598,1.097241909054905,304.06239781518775,149.48084526013082,68.77645087140489,87.57679987512716
599,1.8900230925369854,304.06239781518775,150.20336704583707,68.77645087140489,88.29932166083341
600,1.864521149292347,312.7322921755208,151.1898741190335,70.47573079673907,89.28582873402985
